timestamp,header,pid,did_name,nrc_code,nrc_description
Sat Aug 29 15:24:00 2026,7E0,22336A,22336A,31,Request Out of Range
Sat Aug 29 15:24:47 2026,7E0,22336A,22336A,31,Request Out of Range
Sat Aug 29 15:25:51 2026,7E0,22336A,22336A,31,Request Out of Range
Sat Aug 29 15:27:31 2026,7E0,22336A,22336A,31,Request Out of Range
Sat Aug 29 15:27:52 2026,7DF,221640,221640,31,Request Out of Range
Sat Aug 29 15:27:52 2026,7DF,221640,221640,31,Request Out of Range
Sat Aug 29 15:29:59 2026,7DF,221640,221640,31,Request Out of Range
Sat Aug 29 15:29:59 2026,7DF,221640,221640,31,Request Out of Range
Sat Aug 29 15:30:59 2026,7DF,221640,221640,31,Request Out of Range
Sat Aug 29 15:30:59 2026,7DF,221640,221640,31,Request Out of Range
Sat Aug 29 15:32:09 2026,7DF,221640,221640,31,Request Out of Range
Sat Aug 29 15:32:09 2026,7DF,221640,221640,31,Request Out of Range
Sat Aug 29 15:33:04 2026,7E0,22336A,22336A,31,Request Out of Range
Sat Aug 29 15:50:57 2026,7E0,22336A,22336A,31,Request Out of Range
Sat Aug 29 15:50:59 2026,7E0,222000,222000,33,Security Access Denied
Sat Aug 29 15:55:25 2026,7E0,22336A,22336A,31,Request Out of Range
Sat Aug 29 15:55:26 2026,7E0,222000,222000,33,Security Access Denied
Sat Aug 29 16:01:29 2026,7E0,22336A,22336A,31,Request Out of Range
Sat Aug 29 16:01:31 2026,7E0,222000,222000,33,Security Access Denied
Sat Aug 29 16:02:30 2026,7E0,22336A,22336A,31,Request Out of Range
Sat Aug 29 16:02:31 2026,7E0,222000,222000,33,Security Access Denied
Sat Aug 29 16:07:25 2026,7E0,22336A,22336A,31,Request Out of Range
Sat Aug 29 16:07:27 2026,7E0,222000,222000,33,Security Access Denied
Sat Aug 29 16:09:15 2026,7E0,22336A,22336A,31,Request Out of Range
Sat Aug 29 16:09:17 2026,7E0,222000,222000,33,Security Access Denied
Sat Aug 29 16:09:47 2026,7DF,221640,221640,31,Request Out of Range
Sat Aug 29 16:09:47 2026,7DF,221640,221640,31,Request Out of Range
Sat Aug 29 16:11:17 2026,7DF,221640,221640,31,Request Out of Range
Sat Aug 29 16:11:17 2026,7DF,221640,221640,31,Request Out of Range
Sat Aug 29 16:12:13 2026,7E0,22336A,22336A,31,Request Out of Range
Sat Aug 29 16:16:30 2026,7E0,22336A,22336A,31,Request Out of Range
Sat Aug 29 16:17:25 2026,7E0,22336A,22336A,31,Request Out of Range
Sat Aug 29 16:18:37 2026,7E0,22336A,22336A,31,Request Out of Range
Sat Aug 29 16:19:04 2026,7E0,22336A,22336A,31,Request Out of Range
Sat Aug 29 16:19:40 2026,7E0,22336A,22336A,31,Request Out of Range
Sat Aug 29 16:19:42 2026,7E0,222000,222000,33,Security Access Denied
Sat Aug 29 16:20:34 2026,7DF,221640,221640,31,Request Out of Range
Sat Aug 29 16:20:34 2026,7DF,221640,221640,31,Request Out of Range
Sat Aug 29 16:21:31 2026,7E0,22336A,22336A,31,Request Out of Range
Fri Sep  4 16:38:17 2026,7E0,22336A,22336A,31,Request Out of Range
Fri Sep  4 16:38:44 2026,7E0,22336A,22336A,31,Request Out of Range
Fri Sep  4 16:39:22 2026,7E0,22336A,22336A,31,Request Out of Range
Fri Sep  4 16:39:24 2026,7E0,222000,222000,33,Security Access Denied
Fri Sep  4 16:40:17 2026,7DF,221640,221640,31,Request Out of Range
Fri Sep  4 16:40:17 2026,7DF,221640,221640,31,Request Out of Range
Fri Sep  4 16:41:13 2026,7E0,22336A,22336A,31,Request Out of Range
Fri Sep  4 16:48:21 2026,7E0,22336A,22336A,31,Request Out of Range
Fri Sep  4 16:48:48 2026,7E0,22336A,22336A,31,Request Out of Range
Fri Sep  4 16:49:26 2026,7E0,22336A,22336A,31,Request Out of Range
Fri Sep  4 16:49:28 2026,7E0,222000,222000,33,Security Access Denied
Fri Sep  4 16:50:23 2026,7DF,221640,221640,31,Request Out of Range
Fri Sep  4 16:50:23 2026,7DF,221640,221640,31,Request Out of Range
Fri Sep  4 16:51:19 2026,7E0,22336A,22336A,31,Request Out of Range
Fri Sep  4 17:16:59 2026,7E0,22336A,22336A,31,Request Out of Range
Fri Sep  4 17:17:01 2026,7E0,222000,222000,33,Security Access Denied
Fri Sep  4 17:17:49 2026,7E0,22336A,22336A,31,Request Out of Range
Fri Sep  4 17:18:16 2026,7E0,22336A,22336A,31,Request Out of Range
Fri Sep  4 17:18:20 2026,7DF,221640,221640,31,Request Out of Range
Fri Sep  4 17:18:20 2026,7DF,221640,221640,31,Request Out of Range
Fri Sep  4 17:19:14 2026,7E0,22336A,22336A,31,Request Out of Range
Fri Sep  4 17:24:11 2026,7E0,22336A,22336A,31,Request Out of Range
Fri Sep  4 17:24:13 2026,7E0,222000,222000,33,Security Access Denied
Fri Sep  4 17:25:01 2026,7E0,22336A,22336A,31,Request Out of Range
Fri Sep  4 17:25:28 2026,7E0,22336A,22336A,31,Request Out of Range
Fri Sep  4 17:31:32 2026,7E0,22336A,22336A,31,Request Out of Range
Fri Sep  4 17:31:34 2026,7E0,222000,222000,33,Security Access Denied
Fri Sep  4 17:32:22 2026,7E0,22336A,22336A,31,Request Out of Range
Fri Sep  4 17:32:51 2026,7E0,22336A,22336A,31,Request Out of Range
Fri Sep  4 17:32:52 2026,7DF,221640,221640,31,Request Out of Range
Fri Sep  4 17:32:52 2026,7DF,221640,221640,31,Request Out of Range
Fri Sep  4 17:33:51 2026,7E0,22336A,22336A,31,Request Out of Range
Fri Sep  4 17:39:39 2026,7E0,22336A,22336A,31,Request Out of Range
Fri Sep  4 17:39:41 2026,7E0,222000,222000,33,Security Access Denied
Fri Sep  4 17:40:30 2026,7E0,22336A,22336A,31,Request Out of Range
Fri Sep  4 17:40:58 2026,7E0,22336A,22336A,31,Request Out of Range
Fri Sep  4 17:42:08 2026,7E0,22336A,22336A,31,Request Out of Range
Fri Sep  4 17:42:10 2026,7E0,222000,222000,33,Security Access Denied
Fri Sep  4 17:42:57 2026,7E0,22336A,22336A,31,Request Out of Range
Fri Sep  4 17:43:25 2026,7E0,22336A,22336A,31,Request Out of Range
Fri Sep  4 17:43:32 2026,7DF,221640,221640,31,Request Out of Range
Fri Sep  4 17:43:32 2026,7DF,221640,221640,31,Request Out of Range
Fri Sep  4 17:44:29 2026,7E0,22336A,22336A,31,Request Out of Range
Fri Sep  4 18:56:29 2026,7E0,22336A,22336A,31,Request Out of Range
Fri Sep  4 18:57:32 2026,7E0,22336A,22336A,31,Request Out of Range
Fri Sep  4 18:58:05 2026,7E0,22336A,22336A,31,Request Out of Range
Fri Sep  4 18:58:09 2026,7DF,221640,221640,31,Request Out of Range
Fri Sep  4 18:58:09 2026,7DF,221640,221640,31,Request Out of Range
Fri Sep  4 18:59:08 2026,7E1,22336A,22336A,31,Request Out of Range
Fri Sep  4 18:59:08 2026,7E0,22336A,22336A,31,Request Out of Range
Fri Sep  4 18:59:10 2026,7E0,222000,222000,33,Security Access Denied
Fri Sep  4 18:59:46 2026,7E0,22336A,22336A,31,Request Out of Range
Fri Sep  4 18:59:57 2026,7E0,22336A,22336A,31,Request Out of Range
Fri Sep  4 19:00:25 2026,7E0,22336A,22336A,31,Request Out of Range
Fri Sep  4 19:01:12 2026,7E0,22336A,22336A,31,Request Out of Range
